EmployeeID,FirstName,LastName,Age,SSN,PhoneNumber,Email,Address,City,State,ZipCode,CreditCardNumber
1,William,Turner,48,343-18-2914,+1-928-409-2142x53173,matthew30@gmail.com,0633 Kennedy Loop Apt. 673,Amandaton,IA,31894,6551429635498414
2,Christopher,Black,28,154-21-1963,+1-310-546-3363x666,jeffreybarton@castaneda-conner.info,3861 Terri Crossing,Carolynfort,MN,35265,4648517657937283
3,Mckenzie,Schwartz,42,765-59-5781,838.060.2100x2261,nataliedaniel@fitzpatrick.com,30845 Christopher Falls,Port Dianefurt,AK,78640,30267709126592
4,Neil,Vincent,40,094-67-2393,703-781-5192x4056,hillgary@yahoo.com,793 Kayla Pines Apt. 776,North Jamesside,SD,43334,3574290924514018
5,Sara,Newman,47,790-65-6263,853-204-9349,ethanlowery@yahoo.com,78855 Timothy Square Apt. 052,New Kevinton,NM,12564,3559080622559541
6,Alejandro,Johnson,28,509-14-8582,+1-921-890-2992x753,avazquez@shields.info,649 Jared Spur,Port Erikaton,MI,61119,4328657422573472191
7,Michelle,Fernandez,23,188-27-5664,5250731195,annajones@yahoo.com,76175 Daniel Tunnel,Combsstad,NE,72577,38247265472137
8,Ariel,Perez,51,458-46-7631,508.639.1223x633,taylorbrian@arnold.biz,8916 Ryan Valleys Suite 181,Howardport,VA,16884,4064187814639
9,Margaret,Garner,54,185-79-9611,4534466781,jchristensen@williams.com,1549 Mark Lights Suite 899,North Daniellehaven,WV,28272,4827658503030490031
10,Vernon,Meyer,43,052-46-0658,(259)292-0265,toddkane@hotmail.com,80088 Garrett Underpass,Port Jamesfurt,ID,71213,3572038030247912
11,Juan,Butler,34,519-78-6875,707-593-2965x9920,adamsjennifer@allen.com,3468 Alfred Ridge,North Jeffery,AL,85316,575342857027
12,Shaun,Hancock,39,823-76-9408,+1-237-981-8449,christymiles@stevenson.com,672 Tucker Manors,Alexandriafort,VA,96579,4822471322969
13,Kayla,Browning,22,246-20-2194,(369)229-1698,bryan84@hotmail.com,28535 Joseph Extensions Suite 534,Kayleechester,VT,14186,6566649359813364
14,Julia,Stone,23,547-30-9842,(506)447-8368x62864,matthewscott@gmail.com,5206 Craig Branch Suite 641,Port Michealburgh,NH,90032,343862877749175
15,Amy,Flores,41,621-65-6254,775.596.4090x50881,aramos@bell-dunlap.com,6017 Brooks Mews,East Jeremy,MN,63732,630427229368
16,Joseph,Harris,60,858-95-3620,656-927-5948x309,sarahpeterson@frank.com,9252 Lisa Corner Suite 796,Joseview,WA,36332,4636085879739
17,Phillip,English,43,039-45-9994,203.127.6897,mvasquez@hotmail.com,96679 Victoria Lights,South Vanessa,SD,93018,4157616264050366
18,Elizabeth,Turner,22,318-34-0136,(831)732-2402,christopher02@brown.com,537 Smith Ways Apt. 329,Port Tiffanyfurt,UT,39244,502056120301
19,Michael,Gonzalez,48,750-54-3900,129.081.6711x3812,paullee@conner-cannon.com,60769 Wall Harbor Suite 157,New Roberttown,GA,12308,4520070764485004989
20,Logan,Stevens,56,074-06-2673,762-968-1980x3127,jamesfrederick@buckley.com,0991 Berry Way Suite 052,New Katie,GA,22869,060441580325
21,Jacob,Gutierrez,39,083-18-3719,+1-668-921-2818,tarawilliams@brown-singleton.org,88002 Fernandez Inlet Apt. 865,East Patrickland,NJ,74849,630434787382
22,Shane,Shepherd,33,074-94-4550,3891395151,christopher94@hotmail.com,61672 Joseph Drive,Allenshire,UT,26760,502034814652
23,Amanda,Davis,44,306-85-5069,873.291.8025x0441,clarencefitzgerald@gomez.info,833 Johnson Squares Suite 958,Taylorberg,CA,11662,5576407059008672
24,Tammy,Townsend,58,251-23-6760,834-628-1919,penanicholas@smith.net,1016 Heidi Crest,West Pamela,CO,20461,213183468264913
25,Lindsay,Dominguez,55,431-74-6892,594-091-1712x97815,nnguyen@vang.com,6374 Taylor Ranch Suite 363,Lindaberg,HI,06406,566434246237
26,Sara,Jones,40,408-91-2085,139.529.2573x75381,nancy10@hotmail.com,839 Brittany Run Apt. 972,New Patrick,IN,61143,501819157873
27,Phyllis,Carter,50,793-21-8484,(567)594-7948x455,greenangela@gmail.com,2042 Nicole Court Apt. 358,West Michelleside,WV,21291,180009588951833
28,Deborah,Fowler,54,062-97-3214,+1-456-144-9835x4110,jrandall@yahoo.com,1992 Flores Locks Suite 188,South Catherine,WY,45454,4160324012893394
29,Vanessa,Williams,50,071-66-6612,654.381.7505x568,suttonteresa@gmail.com,3275 Cox Dale Suite 782,Lake Jacob,AL,41477,4219119351007503276
30,Courtney,White,38,261-22-4561,001-571-414-6122,michelle00@hogan.com,01172 Steven Cape,East Williamport,MA,64376,4683193655924
31,Christopher,Evans,38,576-81-2953,448.605.2630,xgarrett@gmail.com,145 Casey Viaduct,New Matthewberg,KY,18521,3536726195673527
32,Thomas,Briggs,49,489-46-1945,873.287.4834x4147,matthew89@mullins.org,0403 Wagner Hill,Brownland,MN,68685,3518846517086869
33,Daniel,Ryan,52,529-97-4218,744.282.0134x43474,staceystone@taylor-cole.biz,50507 Estes Estate,New George,MO,61407,2267279373062367
34,Kenneth,Bernard,22,894-78-7638,036-676-9499,hhudson@glass.com,5477 Daisy Rest Suite 045,South Katherinehaven,CA,97665,3582219927686010
35,Lisa,Evans,39,007-54-4788,+1-256-889-0366x6062,arobbins@gmail.com,61724 Sonya Cliff Suite 396,Thompsonview,KY,55275,4112861094025953035
36,Jonathan,Stuart,36,114-51-8664,975.679.8012,mthompson@white.net,796 Emma Knoll Suite 003,Deanshire,VA,35475,578992802541
37,Cory,Davis,30,590-62-9416,(783)417-1446x741,vernon41@brown-li.com,26315 Cameron Forest Suite 522,Lake Laurenberg,AK,54975,180083843101807
38,Rebecca,Johnson,51,878-63-7831,061-608-2740,smithcraig@kim.info,6978 Jeffrey Drive Suite 148,Taylorfort,SD,44379,3546829047505281
39,Vanessa,Wolfe,23,060-77-1880,(634)127-1826,kristin68@yahoo.com,390 Andrew Place,Johnmouth,AK,98747,4398200580725720281
40,Madison,Freeman,24,159-99-3653,001-683-703-2177x26724,joshua14@rasmussen.org,6210 Knight Oval,Lake Veronicamouth,TX,73130,2351641654337163
41,Ronald,Friedman,59,672-73-3819,001-450-771-1200x92695,raylarry@chang-richardson.com,52870 Mary Courts Apt. 343,New Whitneyfort,MD,22226,4265900061423474
42,Anna,Rose,52,887-56-0837,903.774.2995x88656,jacksonjill@carroll-mitchell.biz,68319 Bass Road Apt. 564,Mollymouth,WI,71490,4144939449240116
43,Erica,Cervantes,53,642-40-8416,750-519-7918x11945,jeremy90@sullivan.com,283 Perez Plaza,Lake Michellemouth,AR,50865,30283508871536
44,Logan,Weaver,30,568-76-5716,7830993718,klinelarry@beard.info,215 Dana Forks Apt. 715,West Jay,DC,45065,2436462687915407
45,Randy,Cobb,56,031-96-7009,956-722-9368,jacquelineharrison@wood.com,7814 Palmer Neck Apt. 786,South Stevenville,TX,32523,581128999355
46,Yvonne,Medina,32,756-62-4603,253-876-9420x2208,piercejessica@mendoza.com,826 Raven Causeway Apt. 086,Kathrynberg,ME,68398,2605830562740220
47,Kristen,Bishop,38,704-92-5132,2066562344,alicia03@santos-noble.com,610 Kirk Ford,Boyleside,VA,50108,2245427996624223
48,Justin,Foster,55,843-02-6487,460.627.5348x7684,kimberlydiaz@hotmail.com,9271 Flynn Rapids,Lake Kayla,CA,70238,344760909218400
49,Ellen,Schmidt,42,754-73-2306,818-815-0505x614,shermanbradley@hotmail.com,584 Joseph Walks,West Amber,ND,45199,379565954486143
50,Michael,Ramirez,25,871-98-0137,508.491.1387x1242,sierra39@castillo-washington.com,184 Debbie Path Apt. 828,New Bradburgh,WV,48318,343905482556855
51,Kim,Kline,46,631-68-7639,+1-075-427-3397,browntara@stone-schultz.com,222 Jackson Inlet Suite 587,South Henry,KS,40431,501813978647
52,Douglas,Morton,23,529-75-7546,(091)147-8880x1964,susan72@gmail.com,36583 Jimmy Plains,Richardfurt,IA,98345,676304219378
53,Joyce,Smith,43,227-35-7449,175-955-1181x2872,jmendez@navarro.com,5483 Ortiz Heights,East Amanda,MO,89462,346615826698969
54,Jaime,Welch,28,587-43-8141,897.752.3154x4582,mbarnes@yahoo.com,750 Warren Oval,Webbland,ND,08732,5193085002926266
55,Megan,Hanson,31,073-14-6167,936.348.7459x231,joshuataylor@gmail.com,242 Welch Lights,Ethanland,UT,16936,4045982058738
56,Chelsea,Taylor,53,380-91-3051,(797)400-4179x4629,quinngregory@gmail.com,15242 Davis Keys Suite 856,Judithburgh,CA,17254,3541805974908206
57,Meghan,Smith,54,304-46-2502,+1-096-975-9952x45534,halljennifer@chan-walker.net,71498 Kristina Trail,Jacobberg,MS,05533,6011909109491981
58,David,Henderson,44,216-90-3526,001-285-722-2633x628,deanrichard@carroll-hill.net,1277 Francis Rapids,Gardnerfort,KS,65896,6537668640659408
59,Chelsea,Rowe,60,049-55-0812,(270)894-7828x55858,juliaguzman@holmes-smith.com,6069 Courtney Skyway,South Kyle,WA,47016,3550500540897367
60,Timothy,Vazquez,51,819-50-7838,430-673-9314x5885,rebeccamartinez@hotmail.com,6320 Woods Burg,North Debramouth,AL,41015,4813409122861018
61,Ronald,Nelson,34,883-34-7929,915-891-4979,zoe95@pugh.org,91492 Taylor Orchard,Christianfurt,PA,83575,3563128136114792
62,Gabriel,Mcconnell,57,350-28-0344,541.556.4485,haneyjames@hughes.biz,131 Danny Unions Apt. 328,Mosleybury,IA,50481,3517707007804735
63,Megan,Green,25,787-73-7671,584-201-3150x7731,laura12@gmail.com,9145 Hannah Trace,East Kellytown,KY,84957,3514889270810640
64,Diana,Donovan,43,610-76-5936,560.528.7254x78327,clewis@hotmail.com,782 James Highway,Vanessaville,CO,65363,6500197798380503
65,Leah,Robertson,45,661-17-2828,001-204-100-5722x4400,barnettjeffrey@alexander.com,70169 Lopez Bridge Suite 138,Gregoryland,NJ,63182,6519690270238032
66,Martin,Wilson,44,487-92-0121,(675)519-9731x5392,timothy82@gmail.com,30114 Matthew Crossing Apt. 311,Harrisshire,ND,92376,4939717509429178
67,James,Carrillo,46,807-93-7994,+1-280-712-3127x88003,millertyler@hotmail.com,1908 Taylor Plaza Suite 737,Jessicaside,VA,96415,2709224745132486
68,George,Marquez,58,360-40-5054,001-886-031-7375x85729,perkinsjerry@yahoo.com,35362 Sherry Ways,Danielfurt,MD,40338,3505012707565445
69,Christine,Moreno,35,684-96-9790,884-099-7955x308,mullenzoe@vargas.org,723 Roberta Plaza Apt. 870,Williamsburgh,IA,52688,4651340204414837
70,Melissa,Hall,45,681-60-8038,4167490901,angela52@hotmail.com,7871 Rodriguez Village,Juanhaven,DC,80489,3522524280101082
71,Alexander,Fischer,43,371-18-6205,+1-453-357-0998x16691,cwells@gmail.com,9205 Martinez Cliff Suite 031,South Antonio,VT,39009,4506545608490550831
72,Jacqueline,Gonzalez,23,633-90-8321,(921)421-9774x837,keykenneth@hotmail.com,92734 Ryan Knoll,West Scottmouth,PA,31546,4334210182985759498
73,Michael,Sanders,45,860-05-0143,097-654-6713x354,rowegene@yahoo.com,70592 Thomas Cove Suite 025,North Robert,NV,28878,370992791878796
74,Rachel,Davis,30,811-82-7013,240-799-2716,pmartin@yahoo.com,2536 Marshall Junction,Reedborough,IA,15528,4127579788347
75,Sandra,Owens,43,441-82-3351,(835)459-2554,joshua85@hotmail.com,851 Anthony Green Suite 255,East Courtney,HI,50511,6011721168493075
76,Cynthia,Garcia,45,139-54-2662,268.706.4825x83870,marshallphillip@hotmail.com,239 Rivas Lake Suite 623,East Karl,WA,79123,4274761601856816
77,Cindy,Howard,36,429-48-4973,(680)311-8707x800,joseph25@yahoo.com,3900 Luis Forks,Frenchborough,IN,86675,3539405428385988
78,Katie,Jimenez,30,502-10-1621,458.856.5686,ifisher@rivas.info,346 Watts Grove Suite 069,Lake Donna,AK,97529,3598821023064307
79,Michael,Wright,46,227-61-6428,2489301905,carolpatton@gmail.com,630 Vanessa Villages Suite 814,Rangelberg,IN,48668,2275318303716302
80,Mary,Villegas,42,056-63-3139,977-753-9831x884,silvatimothy@taylor.com,51529 Braun Shore,Wellshaven,MO,47444,346952880124032
81,Michael,Hampton,29,776-64-3746,(152)913-0430,daniel82@flores.biz,66699 Baker Light,Sheilastad,NH,03011,30244493750671
82,Brittney,Perez,30,191-19-7697,001-327-438-2217x164,hardytaylor@johnson.com,90855 Nancy Square Suite 735,New Joseph,SC,17469,4664190109222
83,Kevin,Miller,41,777-08-8174,728.591.3432x99837,simmonsrobin@hotmail.com,829 Ryan Walk Suite 005,Scottfurt,WI,60143,379246117630824
84,Eric,Nixon,25,830-82-5115,339.666.1651x4473,iedwards@yahoo.com,14345 Beth Street,North Amber,DC,46085,4307457477163327
85,Michael,Moses,32,243-21-5897,(917)859-9322x332,mlittle@yahoo.com,1257 Compton Row Apt. 581,Port Tiffanyport,NV,76698,38299049961497
86,Elaine,Daniels,49,099-93-5761,7313127185,dthompson@thompson-cole.com,22870 Torres Prairie,Lake Jeffrey,ID,74048,060456581226
87,Cindy,Wright,58,811-71-5398,+1-142-451-4085x97222,ernestgonzales@gmail.com,281 Rogers Corner,East Philipshire,IA,58197,676192635081
88,Barry,Williams,46,671-90-3489,149.137.6552x18400,joshua17@hotmail.com,76268 Cobb Highway,Ericfurt,NE,05966,4167663375530393062
89,Robert,Nguyen,57,329-59-9810,001-698-825-5967x04587,krista75@hotmail.com,35542 Christopher Estates Suite 876,Mitchellland,DC,05486,180097890079609
90,Christopher,Henderson,54,816-53-8431,+1-642-074-6887,ramirezkaitlyn@gmail.com,8287 Turner Mountain,North Angelaborough,HI,10051,213184467484585
91,Duane,Wilson,26,332-57-4234,493-883-9635x189,jaimesanders@gmail.com,07672 Brittany Port,Waltonport,WA,45470,4338404813477907
92,Karen,Torres,30,687-62-9784,001-333-831-0860x080,ghanson@hotmail.com,1432 James Stream Suite 944,Michaelborough,MS,61312,4446747556749497
93,Randy,Watson,23,481-27-3675,001-191-281-2598x24090,dustingray@jefferson.info,96199 John Lock Apt. 928,Lake Jorgeland,HI,76261,180043119340224
94,Cassandra,Baker,38,848-41-8793,879.496.1389,paulclark@perez-day.biz,4208 Hubbard Causeway,Bradshawchester,MD,78290,060442966218
95,Gloria,White,55,614-81-2956,001-160-457-2153x88808,rita40@yahoo.com,4553 Carlos Loaf Apt. 790,Roblesmouth,NH,33436,3511195321963237
96,Donna,Thompson,23,585-71-4856,(555)322-9846x081,april96@reese-allen.org,824 Katie Road Apt. 297,New Gary,MO,83040,3505674230351070
97,Brittany,Oconnor,55,098-80-2678,6315561165,lopezronald@robinson.org,518 Rice Vista,Daniellehaven,ID,30751,060497308522
98,Kelly,Cunningham,33,059-33-4747,001-205-826-3549x7672,lpratt@bennett-clark.net,9171 Cruz Village Suite 223,Port Elizabeth,MN,17021,3552876512607119
99,Anna,Beck,40,161-32-2401,001-823-123-1242x629,destinyanderson@gonzales.org,0761 Sean Stream,New Amyhaven,WV,23288,4808709859447302501
100,Steven,Nelson,59,811-19-3533,424.745.2959x36136,victoria91@harvey-hoffman.org,55286 Nicholas Views Apt. 098,West Ericville,ND,52430,3567790374601008